id,face,sequence
s0m25k,A1,AAACACCAGAACGAGTAGTAAATTGGGCTTGA
s10m15g,B1,ATATATTTTAG
s10m17g,C1,TCCTTGAAAACAACTTTTTCAA
s10m19g,D1,ATTCATTTCAATTCCCTTAGAA
s1m0j,E1,ACGCAAAGACACCACGGAATAAGTTTATTTTG
s1m10e,F1,CGTACTCAACCCTCAGAACCGCCAAGCAAGCC
s1m12e,G1,CAATAGGAAGTACAAACTACAACGAGCGTAAC
s1m14e,H1,GATCTAAAATTTTCTGTATGGGATGTGAGAAT
s1m16e,A2,AGAAAGGATGCTTTCGAGGTGAATGACAATGA
s1m18e,B2,CAACAACCATCGGAACGAGGGTAGTTTTTCAT
s1m20e,C2,GAGGAAGTAAAACACTCATCTTTGGTACAACG
s1m22e,D2,GAGATTTGGACCAACTTTGAAAGAAGGCTGGC
s1m24e,E2,TGACCTTCGGCTTGCCCTGACGAG
s1m28i,F2,GCAACAGTAGGCGGTCAGTATTAAGGGAGAGG
s1m2i,G2,ATGTTAGCGATTAAGACTCCTTATACCGATTG
s1m30i,H2,GTAATAAAGCAGATTCACCAGTCAATAGGGTT
s1m32i,A3,AGTAGAAGATTAGTAATAACATCAATCGGAAC
s1m34g,B3,GTCTGTCCATCACGCATAGCAATACTTCTTTGAACTCAAA
s1m4i,C3,GAGCAAGAGAATTGAGTTAAGCCCTAGCAGCA
s1m6i,D3,ATTATTTAGCCAGTTACAAAATAACCTCAGAG
s1m8e,E3,CCCTGCCTCGGATAAGTGCCGTCGTGTATCAC
s2m11f,F3,ACCGTAACCACCCTCAGAACCGCCGGAGGTTT
s2m13f,G3,GTCTTTCCACTGAGTTTCGTCACCACCCATGT
s2m15f,H3,AGGAATTGAGACGTTAGTAAATGAGTTTTGTC
s2m15g,A4,CGAATAATAATTTTTTAAGGAGCCTTTAATTGCGATATAT
s2m17f,B4,CGCATAACTATCGGTTTATCAGCTACAACTAA
s2m19f,C4,AACGGGTAAGCAGCGAAAGACAGCATCGCCCA
s2m1b,D4,AAGGTGTACATA
s2m1f,E4,AAAATACAGCAACATATAAAAGAA
s2m21f,F4,CCTGATAAGGCAAAAGAATACACTTTCCATTA
s2m23f,G4,TAATCTTGATAAGGGAACCGAACTTATCATCG
s2m25f,H4,CTCATTCAGTGAATAAATCAAGAG
s2m27g,A5,GCAGCAAATGAAAAATACGAACCACCAGCAGAACAGAGAT
s2m29g,B5,TCTGGCCAAGATAAAACAGAGGTGGCCACGCTGAGAGCCA
s2m31f,C5,CTATCGGCTGGATTATTTACATTGAGGGACAT
s2m33b,D5,CCGTTGAATTAA
s2m3f,E5,AATAGCAACCAAAAGAACTGGCATAAACGTAG
s2m5f,F5,CAAATAAGGAGAGATAACCCACAAAACAATGA
s2m7f,G5,ACCTATTATTCCAGAGCCTAATTTTCCCAATC
s2m9f,H5,AGTACCGCTTTGCTCAGTACCAGGATTTCGGA
s3m16i,A6,GGCTCCAACACGTTGAAAATCTCCTAACCTCC
s3m18e,B6,TCGGTCGCCGGGATCGTCACCCTCAAATACGT
s3m18i,C6,CGCTTTTGTGAGGCTTGCAGGGAGTTTTTTAA
s3m20b,D6,GGCACCTACGAA
s3m20e,E6,AATGCCACAACCTAAAACGAAAGAATTGTGTC
s3m22e,F6,GAAATCCGGCGCAGACGGTCAATCACAAGAAC
s3m24b,G6,CCAAATCATTAC
s3m24e,H6,CGGATATTCAACGTAACAAAGCTG
s3m2e,A7,AATAATAACGGAATACTAGCTATC
s3m30g,B7,AGAACCCTGCTCAATCGTCTGAAACTTGCTGGTAATATCC
s3m32g,C7,AGAACAATATTACCGCATACCTACATTTTGACTCTGACCT
s3m4e,D7,TTACCGAATTGAGCGCTAATATCAAAACGATT
s3m6e,E7,TTTTGTTTACGCTAACGAGCGTCTTTCTGAAA
s3m8e,F7,CATGAAAGTTAGGATTAGCGGGGT
s3m8i,G7,GAGAAGGATATTAAGAGGCTGAGATAGAAGGC
s4m23g,H7,ACTTAGCCGGAACGAGCGACCTGCTCCATGTT
s4m25g,A8,GAGCCGTCAATAGATAAACAACTAATAGATTACTGAACCT
s4m29g,B8,GAAAGCGTCCATTAAAAATACCGACTAAAGCATCACCTTG
s4m3f,C8,TAAGAAAAGAAACCGAGGAAACGC
s4m5f,D8,AAATGAAACAAAGTCAGAGGGTAAGCCCTTTT
s4m9g,E8,CCAATCAATAATCGGCTACGAGCATGTAGAAATAAGAGAA
s5m12e,F8,TATAAAGTATTTTCGAGCCAGTAACCGGAATC
s5m14g,G8,ATAATTACTAAATAAGAATAAACA
s5m16i,H8,GGCTTAGGTGAGAGACTACCTTTTAAAAAAAA
s5m18i,A9,TGGAAACATTTCATTTGAATTACCTTAAAGGC
s5m22g,B9,TATCAAAATTA
s5m24a,C9,GAACAATTTGCG
s5m28e,D9,CAAATATCTAGCCCTAAAACATCGAAGAATAC
s5m2e,E9,ACAAAGTTACCAGAAGGTAAGCAG
s5m30g,F9,GTGGCACAAAAAACGCTCATGGAACAGCCATTGCAACAGG
s5m30h,G9,GACAATATTTTTGAATTTAATGCGCGAACTGAAAACCCTC
s5m4e,H9,ATAGCCGAAACTGAACACCCTGAAATAGCAGC
s5m6j,A10,CTTTACAGACCCAGCTACAATTTTATCCTGAATCTTACCAAACGTCAA
s5m8i,B10,TTATCCGGGCAAGCAAATCAGATACTCCTCAA
s6m11f,C10,AAGGTAAAATATCCCATCCTAATTTGTCTTTC
s6m13f,D10,GCCTGTTTTAATTTAGGCAGAGGCACCGACAA
s6m15f,E10,TATAACTAGTGATAAATAAGGCGTTAGAAAAA
s6m17f,F10,ATCAATATATCAAAATCATAGGTCTTGGGTTA
s6m19f,G10,TAATTACATTTAACAAGTACATAA
s6m23f,H10,CCAGAAGGAGAACCTACCA
s6m25f,A11,GAGGATTTTGAGTAACATTATCATAGAAACCA
s6m27f,B11,AATCAATATATCTTTAGGAGCACTATACATTT
s6m29b,C11,TAGTCTGGCTAT
s6m5b,D11,AAGCGCACAGGG
s6m5f,E11,ACATAAAAATTAGACGGGAGAATT
s6m7f,F11,GAACGCGATTAGTTGCTATTTTGCAGAGAATA
s6m9f,G11,CTTATCATATTACCGCGCCCAATATATTCTAA
s7m10e,H11,CGGGTATTCTGAACAAGAAAAATAGTAATTCT
s7m12e,A12,GTCCAGACTAACAACGCCAACATGAGTATCAT
s7m14e,B12,ATGCGTTATTGAAATACCGACCGTTATGTAAA
s7m16e,C12,TGCTGATGAGTCAATAGTGAATTTATGTGAGT
s7m18e,D12,GAATAACCATCAAGAAAACAAAATATAACGGA
s7m20e,E12,TTCGCCTGTACATCGGGAGAAACATTTGCACG
s7m22e,F12,TAAAACAGGAATAATGGAAGGGTTAGCGGAAT
s7m24e,G12,TATCATCAATTAATTTTAAAAGTTAGAAGTAT
s7m26e,H12,TAGACTTTGGAAGGTTATCTAAAATCTGGTCA
s7m28g,A1,GTTGGCAAATCAACAGTTG
s7m8e,B1,AGCGAACCTTTCATCGTAGGAATCTCCAAGAA
s8m11f,C1,TAAACAACCAACAATAGATAAGTCAAACCAAG
s8m13f,D1,CTTACCAGTGAGAATCGCCATATTGACGACAA
s8m15f,E1,ATCGCAAGACCTAAATTTAATGGTTACAAATT
s8m17f,F1,GTAAATCGTTAAGACGCTGAGAAGCAAATCCA
s8m19f,G1,GAATACCAAGATGATGAAACAAACTTGCTTCT
s8m21f,H1,AAATTGCGCAGTAACAGTACCTTTATTGCTTT
s8m23f,A2,ATTATCAGTTTGGATTATACTTCTAAATAAAG
s8m25b,B2,TTAAATCTCGTA
s8m25f,C2,TTCGACAACCTTTGCCCGAACGTTTATTCCTG
s8m27g,D2,AAAGGAATTGAACAAACAA
s8m7g,E2,GGGAGGTTTTGAAGCCTTAAATCAAGAGGCGTTTT
s8m9b,F2,AGAACATCATCG
s8m9g,G2,TACCGCACAGCAAGCCGTTTTTATTCCCGACTTGC
s9m10e,H2,GAACGCGCCTGTTTATATGTTCAG
s9m12e,A3,CTAATGCAAACAGTAGGGCTTAATTATAAAGC
s9m14e,B3,CAACGCTCTTAATTTCATCTTCTGACAAAGAA
s9m16e,C3,CGCGAGAAATAGCGATAGCTTAGATCGCTATT
s9m18e,D3,AATTAATTTTACCTGAGCAAAAGAAGTTACAA
s9m20e,E3,AATCGCGCACGTCAGATGAATATATAGATTTT
s9m20f,F3,AGAGGCGAATT
s9m22g,G3,CAGGTTTAAATATAATCCTGATTGATGATGGCAATTCATC
s-10m15g,H3,TATGATATTCAAGAAAAGCCCC
s-10m17g,A4,AAAAACAGGAAGCGAGTAACAA
s-10m19g,B4,CCCGTCGGATT
s-1m0e,C4,TCACAATCAATAGAAATACCAGCG
s-1m10i,D4,AAATATCGTATAGCCCGGAATAGGAGAGGGTT
s-1m10j,E4,GCCACCACTTAAGAGGAAGCCCGAGATTGCAT
s-1m12i,F4,CAAAAAGACCTCATTTTCAGGGATCCCTCAGA
s-1m12j,G4,ATTCCACAAGTCAGAAGCAAAGCGTTACCCTG
s-1m14i,H4,ACTATTATGACAGCCCTCATAGTTCCTGTAGC
s-1m14j,A5,ACAACTTTATCAAAAATCAGGTCTACGAGAAT
s-1m16i,B5,GACCATAACAACAGTTTCAGCGGATTTGCTAA
s-1m16j,C5,CAGCTTGAAGACTGGATAGCGTCCTAATAGTA
s-1m18i,D5,AAATGTTTTACCGATAGTTGCGCCTTCTTAAA
s-1m18j,E5,ACAGAGGCATCATAACCCTCGTTTTAGTAAGA
s-1m20i,F5,GCAACACTTTTGAGGACTAAAGACCAACGGCT
s-1m20j,G5,CGATTATAATTTAGGAATACCACAAGATTCAT
s-1m22i,H5,CAGTTGAGCCAAGCGCGAAACAAAACCCCCAG
s-1m22j,A6,GAACGGTGCATTATACCAGTCAGGATTTTAAG
s-1m24i,B6,AACTGGCTTACAGACCAGGCGCATGGACAGAT
s-1m28i,C6,CGGTTTGCAATCGGCCAACGCGCGCACCGCCT
s-1m2e,D6,CCAAAGACAAGGTAAATATTGACGAAGGCCGG
s-1m2i,E6,AGGGAGGGAAAAGGGCGACATTCATACGCAGT
s-1m30e,F6,TATAAATCTTCCAGTTTGGAACAATTTTTTGG
s-1m30i,G6,GAGTGTTGAAAAGAATAGCCCGAGCACGACCA
s-1m32g,H6,GGTCGAGGGAGCCCCCGATTTAGAAAGCCGGCGAACGTGG
s-1m32i,A7,CCTAAAGGTGCCGTAAAGCACTAACTTGCCTG
s-1m34j,B7,CGAGAAAGGAAGGGAAGCCACCGAGTAAAAGA
s-1m4e,C7,AAACGTCAAGTAGCGACAGAATCAACCCTCAG
s-1m4i,D7,CCGTAATCCCAATGAAACCATCGAAATAATAA
s-1m6e,E7,AACCGCCAAGAACCACCACCAGAGAGTGCCTT
s-1m6i,F7,CCGCCACCCCCTCAGAGCCACCACACAGCCAT
s-1m8e,G7,GAGTAACACGTTTTAATTCGAGCTAAGACTTC
s-1m8i,H7,GATATAAGGTGCCCGTATAAACAGTTAATGCC
s-2m17g,A8,AGAGGGGGAATACTGCGGAATCGTTTAAACAGTTCAGAAA
s-2m19f,B8,ACGAGGCAACCAGACGACGATAAAGTTTTGCC
s-2m1a,C8,ATGGTTATTCAT
s-2m21f,D8,AGGTAGAATTCAACTAATGCAGATAAGGAATT
s-2m23f,E8,CTTATGCGACGTTGGGAAGAAAAAATTATTAC
s-2m25f,F8,GATGGTTTAATTTCAATGAATTAC
s-2m27g,G8,GCCAGCTGCATTAATGGTATTGGGCGCCAGGGAAATCCCT
s-2m29g,H8,AATCGGCATGGTTTTTCTTTTCACTCGGGAAACCTGTCGT
s-2m33a,A9,CGGGGAGCTTGA
s-2m3f,B9,CCATTAGCGAAATTATTCATTAAA
s-2m5f,C9,GAGCCGCCAGTTTGCCTTTAGCGTCACCATTA
s-2m7f,D9,ACGGGGTCCCGCCGCCAGCATTGACTCCCTCA
s-2m9f,E9,TCAAAGCGAACCAGACAAGTTTTA
s-3m16i,F9,CAAATGCTCATAAATATTCATTGAGAGTCTGG
s-3m18i,G9,CAAAAGAAAACCAAAATAGCGAGATTTTTAAC
s-3m20a,H9,CGCCAAACATAA
s-3m24a,A10,TCATTGCTTTAA
s-3m2e,B10,GGTGAATTATCACCGTGCAAAATC
s-3m30g,C10,TTGATGGTAACGTGGACTCCAACGGGCCCACTACGTGAAC
s-3m32g,D10,CATCACCCAAATCAAGGAGTCCACTATTAAAGGGTTCCGA
s-3m4e,E10,ACCAGTAGCAGACTGTAGCGCGTTCCACCACC
s-3m6e,F10,GGAACCGCCAGGAGGTTGAGGCAGGGAGTGTA
s-3m8e,G10,CTGGTAATCGGAAGCAAACTCCAA
s-4m11f,H10,GTAGCATTTTTCATTCCATATAACGTACGGTG
s-4m13f,A11,TTTTAGAAAACATCCAATAAATCATAATAGTA
s-4m15g,B11,CCCTCATATATTTTAAATAAAAAT
s-4m21g,C11,GAACTAACGGAACAACTCTACGTTAATAAAAC
s-4m27g,D11,TTGCGCTCTTCCTGTGTGAAATTGTCATGGTCATAGCTGT
s-4m27h,E11,ACTGCCCGCTTTCCAGCAGTGAGACGGGCAACAATCCTGT
s-4m29f,F11,CAGGCGAAAGCTGATTGCCCTTCATAATTGCG
s-4m3f,G11,TAGAGCCACACCGACTTGAGCCAT
s-4m5f,H11,AACCAGAGTTCATCGGCATTTTCGTTGGGAAT
s-4m7f,A12,ATGATACAGTCAGACGATTGGCCTATCACCGG
s-4m9f,B12,TCTGGAAGCAGGTCAGGATTAGAGGGCTTTTG
s-5m10e,C12,CAACTAAAAGTTGATTCCCAATTCGTGGCATC
s-5m12e,D12,AATTCTACTACAGGCAAGGCAAAGTTATTTCA
s-5m14e,E12,ACGCAAGGATGCAATGCCTGAGTAAGATCTAC
s-5m16e,F12,AAAGGCTAAGAGAATCGATGAACGATTCGCAT
s-5m16i,G12,AGCAAACATCAGGTCATTGCCTGAATCCCCCT
s-5m18e,H12,TAAATTTTACGCCATCAAAAATAA
s-5m18i,A1,CAATAGGATGTTAAATCAGCTCATGGCTTTTG
s-5m22g,B1,GTGCCGGAAACTGTGCTGC
s-5m24b,C1,GGGTAATAAGTT
s-5m24e,D1,AAGGCGATCGCCAGGGTTTTCCCAGAGCTCGA
s-5m26e,E1,ATTCGTAATTATCCGCTCACAATTGTGAGCTA
s-5m28g,F1,ACTCACATCCGCCTGGCCCTGAGAGCGGTCCACGCTGGTT
s-5m32g,G1,CGTCTATCAGGGCGATTCAAAGGGCGAAAAACTGCCCCAG
s-5m4e,H1,GTCATAGCCCCCTTATTCTTTTCA
s-5m6e,A2,TAATCAAATGATATTCACAAACAAAGTAAGCG
s-5m8e,B2,TCATACATAGTACCTTTAATTGCTTAAATATG
s-6m11f,C2,CTGAAAAGTGCGAACGAGTAGATTGTAGCTCA
s-6m13f,D2,AGAAGCCTAATTAGCAAAATTAAGGGCGCGAG
s-6m15f,E2,TTTTTGAGATGTGTAGGTAAAGATTTTGCGGG
s-6m17f,F2,TTGTTAAAGTAATCGTAAAACTAGGGTAGCTA
s-6m19f,G2,GTCACGTTTTCGCGTCTGGCCTTCTTAATATT
s-6m21f,H2,CTTTCCGGGGTGTAGATGGGCGCATGGGATAG
s-6m21g,A3,CACCGCTTCTG
s-6m23f,B3,AAGGGGGACAGGCAAAGCGCCATTCCAGCCAG
s-6m25f,C3,CGGGTACCGTCACGACGTTGTAAAGCTGGCGA
s-6m27f,D3,CCTAATGACCACACAACATACGAGAGGATCCC
s-6m29a,E3,CAGCAAGAGTTG
s-6m5a,F3,TTGCCATAGCGT
s-6m7g,G3,ACCGTTCCATAAATCCTCATTAAAGCCAGAATGGA
s-6m9f,H3,ACATGTTTCCTTTTGATAAGAGGTCTGAATTT
s-7m10e,A4,ATAATGCTTAGTTTGACCATTAGACTATATTT
s-7m12e,B4,TCATTTGGCAATAAAGCCTCAGAGATGACCCT
s-7m14e,C4,GTAATACTTCAAAAGGGTGAGAAAAATTAATG
s-7m16e,D4,CCGGAGAGCATGTCAATCATATGTATTTAAAT
s-7m18e,E4,TGTAAACGCTGTAGCCAGCTTTCAGGCGGATT
s-7m20e,F4,GACCGTAATCGTAACCGTGCATCTTCAGGAAG
s-7m22e,G4,ATCGCACTCGCCATTCAGGCTGCGCTTCGCTA
s-7m24e,H4,TTACGCCAACGACGGCCAGTGCCATGCAGGTC
s-7m26e,A5,GACTCTAGCCGGAAGCATA
s-8m11f,B5,CTGTTTAGTACATTTCGCAAATGG
s-8m13f,C5,AAAACATTCATAAAGCTAAATCGGTCAATAAC
s-8m15f,D5,AGCTGATAGGCCGGAGACAGTCAATTGTACCA
s-8m17f,E5,AAGCAAATACCCCGGTTGATAATCACCGTTCT
s-8m19f,F5,GAACAAACTCAACATTAAATGTGAGATTGTAT
s-8m21f,G5,TATCGGCCGCCAGTTTGAGGGGACCTCCGTGG
s-8m25a,H5,CATGCCAGCTTG
s-8m27g,A6,AAGTGTAAAGCCTGGGGTG
s-8m7g,B6,AAGCGCAGTCTCATTTTTGCGGATGGCTGCTGAAT
s-8m9a,C6,CTTAATTTAGAG
s-9m14e,D6,ATCACCATCAA
s-9m24g,E6,CGATCGGTGCGGGCCTCAACTGTTGGGAAGGGGACGACAG
sm-rem1,F6,CCTGAGAAGTGTTTTTATAATCAGTGAG
sm-rem2,G6,ATTTTAGACAGGAACGGTACGCCAGAAT
sm-rem3,H6,GGAGCTAAACAGGAGGCCGATTAAAGGG
sm-rem4,A7,ACGTGCTTTCCTCGTTAGAATCAGAGCG
sm-rem5,B7,ACTATGGTTGCTTTGACGAGCACGTATA
sm-rem6,C7,GCGCTTAATGCGCCGCTACAGGGCGCGT
